Workbook

Sheet Vendor_Master
A1: Automated Purchase Order & Vendor Tracker — Vendor Master
A3: Vendor ID | B3: Vendor Name | C3: Supply Category | D3: Standard Lead Time (Days)
A4: VEN-01 | B4: Apex Components Pvt Ltd | C4: Raw Materials | D4: 7
A5: VEN-02 | B5: Skyline Packaging Co | C5: Packaging | D5: 5
A6: VEN-03 | B6: Bharat Steel Traders | C6: Raw Materials | D6: 10
A7: VEN-04 | B7: Quickship Logistics Supplies | C7: Packaging | D7: 4
A8: VEN-05 | B8: Prime Electronics Distributors | C8: Components | D8: 8
A9: VEN-06 | B9: Metro Office Supplies | C9: Office/Consumables | D9: 3

Sheet PO_Log
A1: Automated Purchase Order & Vendor Tracker — Purchase Order Log
A3: PO Number | B3: Vendor ID | C3: Vendor Name | D3: Supply Category | E3: PO Date | F3: Standard Lead Time (Days) | G3: Expected Delivery Date | H3: Actual Delivery Date | I3: Order Value (₹) | J3: Delivery Status | K3: Delay / Advance (Days)
A4: PO-4001 | B4: VEN-01 | C4: =_xlfn.XLOOKUP(POLog[[#This Row],[Vendor ID]],VendorMaster[Vendor ID],VendorMaster[Vendor Name]) -> Apex Components Pvt Ltd | D4: =_xlfn.XLOOKUP(POLog[[#This Row],[Vendor ID]], VendorMaster[Vendor ID], VendorMaster[Supply Category]) -> Raw Materials | E4: 46195 | F4: =_xlfn.XLOOKUP(POLog[[#This Row],[Vendor ID]], VendorMaster[Vendor ID], VendorMaster[Standard Lead Time (Days)]) -> 7 | G4: =E4+F4 -> 46202 | H4: 46201 | I4: 62000 | J4: =IF(H4<>"",IF(H4<=G4,"Delivered - On Time","Delivered - Late"),IF(Vendor_Master!#REF!>G4,"Overdue","In Transit")) -> Delivered - On Time | K4: =IFERROR(IF(H4<>"",IF(H4>G4,N(H4)-N(G4),0),IF(N(Vendor_Master!$B$9)>N(G4),N(Vendor_Master!$B$9)-N(G4),0)),0) -> 0
A5: PO-4002 | B5: VEN-01 | C5: =_xlfn.XLOOKUP(POLog[[#This Row],[Vendor ID]],VendorMaster[Vendor ID],VendorMaster[Vendor Name]) -> Apex Components Pvt Ltd | D5: =_xlfn.XLOOKUP(POLog[[#This Row],[Vendor ID]], VendorMaster[Vendor ID], VendorMaster[Supply Category]) -> Raw Materials | E5: 46200 | F5: =_xlfn.XLOOKUP(POLog[[#This Row],[Vendor ID]], VendorMaster[Vendor ID], VendorMaster[Standard Lead Time (Days)]) -> 7 | G5: =E5+F5 -> 46207 | H5: 46207 | I5: 45500 | J5: =IF(H5<>"",IF(H5<=G5,"Delivered - On Time","Delivered - Late"),IF(Vendor_Master!#REF!>G5,"Overdue","In Transit")) -> Delivered - On Time | K5: =IFERROR(IF(H5<>"",IF(H5>G5,N(H5)-N(G5),0),IF(N(Vendor_Master!$B$9)>N(G5),N(Vendor_Master!$B$9)-N(G5),0)),0) -> 0
A6: PO-4003 | B6: VEN-01 | C6: =_xlfn.XLOOKUP(POLog[[#This Row],[Vendor ID]],VendorMaster[Vendor ID],VendorMaster[Vendor Name]) -> Apex Components Pvt Ltd | D6: =_xlfn.XLOOKUP(POLog[[#This Row],[Vendor ID]], VendorMaster[Vendor ID], VendorMaster[Supply Category]) -> Raw Materials | E6: 46190 | F6: =_xlfn.XLOOKUP(POLog[[#This Row],[Vendor ID]], VendorMaster[Vendor ID], VendorMaster[Standard Lead Time (Days)]) -> 7 | G6: =E6+F6 -> 46197 | H6: 46200 | I6: 78000 | J6: =IF(H6<>"",IF(H6<=G6,"Delivered - On Time","Delivered - Late"),IF(Vendor_Master!#REF!>G6,"Overdue","In Transit")) -> Delivered - Late | K6: =IFERROR(IF(H6<>"",IF(H6>G6,N(H6)-N(G6),0),IF(N(Vendor_Master!$B$9)>N(G6),N(Vendor_Master!$B$9)-N(G6),0)),0) -> 3
A7: PO-4004 | B7: VEN-01 | C7: =_xlfn.XLOOKUP(POLog[[#This Row],[Vendor ID]],VendorMaster[Vendor ID],VendorMaster[Vendor Name]) -> Apex Components Pvt Ltd | D7: =_xlfn.XLOOKUP(POLog[[#This Row],[Vendor ID]], VendorMaster[Vendor ID], VendorMaster[Supply Category]) -> Raw Materials | E7: 46205 | F7: =_xlfn.XLOOKUP(POLog[[#This Row],[Vendor ID]], VendorMaster[Vendor ID], VendorMaster[Standard Lead Time (Days)]) -> 7 | G7: =E7+F7 -> 46212 | I7: 91000 | J7: =IF(H7<>"",IF(H7<=G7,"Delivered - On Time","Delivered - Late"),IF(Vendor_Master!#REF!>G7,"Overdue","In Transit")) -> #REF! | K7: =IFERROR(IF(H7<>"",IF(H7>G7,N(H7)-N(G7),0),IF(N(Vendor_Master!$B$9)>N(G7),N(Vendor_Master!$B$9)-N(G7),0)),0) -> 0
A8: PO-4005 | B8: VEN-02 | C8: =_xlfn.XLOOKUP(POLog[[#This Row],[Vendor ID]],VendorMaster[Vendor ID],VendorMaster[Vendor Name]) -> Skyline Packaging Co | D8: =_xlfn.XLOOKUP(POLog[[#This Row],[Vendor ID]], VendorMaster[Vendor ID], VendorMaster[Supply Category]) -> Packaging | E8: 46203 | F8: =_xlfn.XLOOKUP(POLog[[#This Row],[Vendor ID]], VendorMaster[Vendor ID], VendorMaster[Standard Lead Time (Days)]) -> 5 | G8: =E8+F8 -> 46208 | H8: 46207 | I8: 23000 | J8: =IF(H8<>"",IF(H8<=G8,"Delivered - On Time","Delivered - Late"),IF(Vendor_Master!#REF!>G8,"Overdue","In Transit")) -> Delivered - On Time | K8: =IFERROR(IF(H8<>"",IF(H8>G8,N(H8)-N(G8),0),IF(N(Vendor_Master!$B$9)>N(G8),N(Vendor_Master!$B$9)-N(G8),0)),0) -> 0
A9: PO-4006 | B9: VEN-02 | C9: =_xlfn.XLOOKUP(POLog[[#This Row],[Vendor ID]],VendorMaster[Vendor ID],VendorMaster[Vendor Name]) -> Skyline Packaging Co | D9: =_xlfn.XLOOKUP(POLog[[#This Row],[Vendor ID]], VendorMaster[Vendor ID], VendorMaster[Supply Category]) -> Packaging | E9: 46206 | F9: =_xlfn.XLOOKUP(POLog[[#This Row],[Vendor ID]], VendorMaster[Vendor ID], VendorMaster[Standard Lead Time (Days)]) -> 5 | G9: =E9+F9 -> 46211 | H9: 46211 | I9: 31500 | J9: =IF(H9<>"",IF(H9<=G9,"Delivered - On Time","Delivered - Late"),IF(Vendor_Master!#REF!>G9,"Overdue","In Transit")) -> Delivered - On Time | K9: =IFERROR(IF(H9<>"",IF(H9>G9,N(H9)-N(G9),0),IF(N(Vendor_Master!$B$9)>N(G9),N(Vendor_Master!$B$9)-N(G9),0)),0) -> 0
A10: PO-4007 | B10: VEN-02 | C10: =_xlfn.XLOOKUP(POLog[[#This Row],[Vendor ID]],VendorMaster[Vendor ID],VendorMaster[Vendor Name]) -> Skyline Packaging Co | D10: =_xlfn.XLOOKUP(POLog[[#This Row],[Vendor ID]], VendorMaster[Vendor ID], VendorMaster[Supply Category]) -> Packaging | E10: 46195 | F10: =_xlfn.XLOOKUP(POLog[[#This Row],[Vendor ID]], VendorMaster[Vendor ID], VendorMaster[Standard Lead Time (Days)]) -> 5 | G10: =E10+F10 -> 46200 | H10: 46203 | I10: 27800 | J10: =IF(H10<>"",IF(H10<=G10,"Delivered - On Time","Delivered - Late"),IF(Vendor_Master!#REF!>G10,"Overdue","In Transit")) -> Delivered - Late | K10: =IFERROR(IF(H10<>"",IF(H10>G10,N(H10)-N(G10),0),IF(N(Vendor_Master!$B$9)>N(G10),N(Vendor_Master!$B$9)-N(G10),0)),0) -> 3
A11: PO-4008 | B11: VEN-02 | C11: =_xlfn.XLOOKUP(POLog[[#This Row],[Vendor ID]],VendorMaster[Vendor ID],VendorMaster[Vendor Name]) -> Skyline Packaging Co | D11: =_xlfn.XLOOKUP(POLog[[#This Row],[Vendor ID]], VendorMaster[Vendor ID], VendorMaster[Supply Category]) -> Packaging | E11: 46213 | F11: =_xlfn.XLOOKUP(POLog[[#This Row],[Vendor ID]], VendorMaster[Vendor ID], VendorMaster[Standard Lead Time (Days)]) -> 5 | G11: =E11+F11 -> 46218 | I11: 19500 | J11: =IF(H11<>"",IF(H11<=G11,"Delivered - On Time","Delivered - Late"),IF(Vendor_Master!#REF!>G11,"Overdue","In Transit")) -> #REF! | K11: =IFERROR(IF(H11<>"",IF(H11>G11,N(H11)-N(G11),0),IF(N(Vendor_Master!$B$9)>N(G11),N(Vendor_Master!$B$9)-N(G11),0)),0) -> 0
A12: PO-4009 | B12: VEN-03 | C12: =_xlfn.XLOOKUP(POLog[[#This Row],[Vendor ID]],VendorMaster[Vendor ID],VendorMaster[Vendor Name]) -> Bharat Steel Traders | D12: =_xlfn.XLOOKUP(POLog[[#This Row],[Vendor ID]], VendorMaster[Vendor ID], VendorMaster[Supply Category]) -> Raw Materials | E12: 46185 | F12: =_xlfn.XLOOKUP(POLog[[#This Row],[Vendor ID]], VendorMaster[Vendor ID], VendorMaster[Standard Lead Time (Days)]) -> 10 | G12: =E12+F12 -> 46195 | H12: 46194 | I12: 134000 | J12: =IF(H12<>"",IF(H12<=G12,"Delivered - On Time","Delivered - Late"),IF(Vendor_Master!#REF!>G12,"Overdue","In Transit")) -> Delivered - On Time | K12: =IFERROR(IF(H12<>"",IF(H12>G12,N(H12)-N(G12),0),IF(N(Vendor_Master!$B$9)>N(G12),N(Vendor_Master!$B$9)-N(G12),0)),0) -> 0
A13: PO-4010 | B13: VEN-03 | C13: =_xlfn.XLOOKUP(POLog[[#This Row],[Vendor ID]],VendorMaster[Vendor ID],VendorMaster[Vendor Name]) -> Bharat Steel Traders | D13: =_xlfn.XLOOKUP(POLog[[#This Row],[Vendor ID]], VendorMaster[Vendor ID], VendorMaster[Supply Category]) -> Raw Materials | E13: 46190 | F13: =_xlfn.XLOOKUP(POLog[[#This Row],[Vendor ID]], VendorMaster[Vendor ID], VendorMaster[Standard Lead Time (Days)]) -> 10 | G13: =E13+F13 -> 46200 | H13: 46204 | I13: 98000 | J13: =IF(H13<>"",IF(H13<=G13,"Delivered - On Time","Delivered - Late"),IF(Vendor_Master!#REF!>G13,"Overdue","In Transit")) -> Delivered - Late | K13: =IFERROR(IF(H13<>"",IF(H13>G13,N(H13)-N(G13),0),IF(N(Vendor_Master!$B$9)>N(G13),N(Vendor_Master!$B$9)-N(G13),0)),0) -> 4
A14: PO-4011 | B14: VEN-03 | C14: =_xlfn.XLOOKUP(POLog[[#This Row],[Vendor ID]],VendorMaster[Vendor ID],VendorMaster[Vendor Name]) -> Bharat Steel Traders | D14: =_xlfn.XLOOKUP(POLog[[#This Row],[Vendor ID]], VendorMaster[Vendor ID], VendorMaster[Supply Category]) -> Raw Materials | E14: 46200 | F14: =_xlfn.XLOOKUP(POLog[[#This Row],[Vendor ID]], VendorMaster[Vendor ID], VendorMaster[Standard Lead Time (Days)]) -> 10 | G14: =E14+F14 -> 46210 | I14: 156000 | J14: =IF(H14<>"",IF(H14<=G14,"Delivered - On Time","Delivered - Late"),IF(Vendor_Master!#REF!>G14,"Overdue","In Transit")) -> #REF! | K14: =IFERROR(IF(H14<>"",IF(H14>G14,N(H14)-N(G14),0),IF(N(Vendor_Master!$B$9)>N(G14),N(Vendor_Master!$B$9)-N(G14),0)),0) -> 0
A15: PO-4012 | B15: VEN-04 | C15: =_xlfn.XLOOKUP(POLog[[#This Row],[Vendor ID]],VendorMaster[Vendor ID],VendorMaster[Vendor Name]) -> Quickship Logistics Supplies | D15: =_xlfn.XLOOKUP(POLog[[#This Row],[Vendor ID]], VendorMaster[Vendor ID], VendorMaster[Supply Category]) -> Packaging | E15: 46205 | F15: =_xlfn.XLOOKUP(POLog[[#This Row],[Vendor ID]], VendorMaster[Vendor ID], VendorMaster[Standard Lead Time (Days)]) -> 4 | G15: =E15+F15 -> 46209 | H15: 46208 | I15: 18500 | J15: =IF(H15<>"",IF(H15<=G15,"Delivered - On Time","Delivered - Late"),IF(Vendor_Master!#REF!>G15,"Overdue","In Transit")) -> Delivered - On Time | K15: =IFERROR(IF(H15<>"",IF(H15>G15,N(H15)-N(G15),0),IF(N(Vendor_Master!$B$9)>N(G15),N(Vendor_Master!$B$9)-N(G15),0)),0) -> 0
A16: PO-4013 | B16: VEN-04 | C16: =_xlfn.XLOOKUP(POLog[[#This Row],[Vendor ID]],VendorMaster[Vendor ID],VendorMaster[Vendor Name]) -> Quickship Logistics Supplies | D16: =_xlfn.XLOOKUP(POLog[[#This Row],[Vendor ID]], VendorMaster[Vendor ID], VendorMaster[Supply Category]) -> Packaging | E16: 46207 | F16: =_xlfn.XLOOKUP(POLog[[#This Row],[Vendor ID]], VendorMaster[Vendor ID], VendorMaster[Standard Lead Time (Days)]) -> 4 | G16: =E16+F16 -> 46211 | H16: 46211 | I16: 22000 | J16: =IF(H16<>"",IF(H16<=G16,"Delivered - On Time","Delivered - Late"),IF(Vendor_Master!#REF!>G16,"Overdue","In Transit")) -> Delivered - On Time | K16: =IFERROR(IF(H16<>"",IF(H16>G16,N(H16)-N(G16),0),IF(N(Vendor_Master!$B$9)>N(G16),N(Vendor_Master!$B$9)-N(G16),0)),0) -> 0
A17: PO-4014 | B17: VEN-04 | C17: =_xlfn.XLOOKUP(POLog[[#This Row],[Vendor ID]],VendorMaster[Vendor ID],VendorMaster[Vendor Name]) -> Quickship Logistics Supplies | D17: =_xlfn.XLOOKUP(POLog[[#This Row],[Vendor ID]], VendorMaster[Vendor ID], VendorMaster[Supply Category]) -> Packaging | E17: 46201 | F17: =_xlfn.XLOOKUP(POLog[[#This Row],[Vendor ID]], VendorMaster[Vendor ID], VendorMaster[Standard Lead Time (Days)]) -> 4 | G17: =E17+F17 -> 46205 | H17: 46208 | I17: 15900 | J17: =IF(H17<>"",IF(H17<=G17,"Delivered - On Time","Delivered - Late"),IF(Vendor_Master!#REF!>G17,"Overdue","In Transit")) -> Delivered - Late | K17: =IFERROR(IF(H17<>"",IF(H17>G17,N(H17)-N(G17),0),IF(N(Vendor_Master!$B$9)>N(G17),N(Vendor_Master!$B$9)-N(G17),0)),0) -> 3
A18: PO-4015 | B18: VEN-04 | C18: =_xlfn.XLOOKUP(POLog[[#This Row],[Vendor ID]],VendorMaster[Vendor ID],VendorMaster[Vendor Name]) -> Quickship Logistics Supplies | D18: =_xlfn.XLOOKUP(POLog[[#This Row],[Vendor ID]], VendorMaster[Vendor ID], VendorMaster[Supply Category]) -> Packaging | E18: 46212 | F18: =_xlfn.XLOOKUP(POLog[[#This Row],[Vendor ID]], VendorMaster[Vendor ID], VendorMaster[Standard Lead Time (Days)]) -> 4 | G18: =E18+F18 -> 46216 | I18: 26400 | J18: =IF(H18<>"",IF(H18<=G18,"Delivered - On Time","Delivered - Late"),IF(Vendor_Master!#REF!>G18,"Overdue","In Transit")) -> #REF! | K18: =IFERROR(IF(H18<>"",IF(H18>G18,N(H18)-N(G18),0),IF(N(Vendor_Master!$B$9)>N(G18),N(Vendor_Master!$B$9)-N(G18),0)),0) -> 0
A19: PO-4016 | B19: VEN-05 | C19: =_xlfn.XLOOKUP(POLog[[#This Row],[Vendor ID]],VendorMaster[Vendor ID],VendorMaster[Vendor Name]) -> Prime Electronics Distributors | D19: =_xlfn.XLOOKUP(POLog[[#This Row],[Vendor ID]], VendorMaster[Vendor ID], VendorMaster[Supply Category]) -> Components | E19: 46195 | F19: =_xlfn.XLOOKUP(POLog[[#This Row],[Vendor ID]], VendorMaster[Vendor ID], VendorMaster[Standard Lead Time (Days)]) -> 8 | G19: =E19+F19 -> 46203 | H19: 46202 | I19: 112000 | J19: =IF(H19<>"",IF(H19<=G19,"Delivered - On Time","Delivered - Late"),IF(Vendor_Master!#REF!>G19,"Overdue","In Transit")) -> Delivered - On Time | K19: =IFERROR(IF(H19<>"",IF(H19>G19,N(H19)-N(G19),0),IF(N(Vendor_Master!$B$9)>N(G19),N(Vendor_Master!$B$9)-N(G19),0)),0) -> 0
A20: PO-4017 | B20: VEN-05 | C20: =_xlfn.XLOOKUP(POLog[[#This Row],[Vendor ID]],VendorMaster[Vendor ID],VendorMaster[Vendor Name]) -> Prime Electronics Distributors | D20: =_xlfn.XLOOKUP(POLog[[#This Row],[Vendor ID]], VendorMaster[Vendor ID], VendorMaster[Supply Category]) -> Components | E20: 46197 | F20: =_xlfn.XLOOKUP(POLog[[#This Row],[Vendor ID]], VendorMaster[Vendor ID], VendorMaster[Standard Lead Time (Days)]) -> 8 | G20: =E20+F20 -> 46205 | H20: 46206 | I20: 87500 | J20: =IF(H20<>"",IF(H20<=G20,"Delivered - On Time","Delivered - Late"),IF(Vendor_Master!#REF!>G20,"Overdue","In Transit")) -> Delivered - Late | K20: =IFERROR(IF(H20<>"",IF(H20>G20,N(H20)-N(G20),0),IF(N(Vendor_Master!$B$9)>N(G20),N(Vendor_Master!$B$9)-N(G20),0)),0) -> 1
A21: PO-4018 | B21: VEN-05 | C21: =_xlfn.XLOOKUP(POLog[[#This Row],[Vendor ID]],VendorMaster[Vendor ID],VendorMaster[Vendor Name]) -> Prime Electronics Distributors | D21: =_xlfn.XLOOKUP(POLog[[#This Row],[Vendor ID]], VendorMaster[Vendor ID], VendorMaster[Supply Category]) -> Components | E21: 46200 | F21: =_xlfn.XLOOKUP(POLog[[#This Row],[Vendor ID]], VendorMaster[Vendor ID], VendorMaster[Standard Lead Time (Days)]) -> 8 | G21: =E21+F21 -> 46208 | I21: 143000 | J21: =IF(H21<>"",IF(H21<=G21,"Delivered - On Time","Delivered - Late"),IF(Vendor_Master!#REF!>G21,"Overdue","In Transit")) -> #REF! | K21: =IFERROR(IF(H21<>"",IF(H21>G21,N(H21)-N(G21),0),IF(N(Vendor_Master!$B$9)>N(G21),N(Vendor_Master!$B$9)-N(G21),0)),0) -> 0
A22: PO-4019 | B22: VEN-05 | C22: =_xlfn.XLOOKUP(POLog[[#This Row],[Vendor ID]],VendorMaster[Vendor ID],VendorMaster[Vendor Name]) -> Prime Electronics Distributors | D22: =_xlfn.XLOOKUP(POLog[[#This Row],[Vendor ID]], VendorMaster[Vendor ID], VendorMaster[Supply Category]) -> Components | E22: 46203 | F22: =_xlfn.XLOOKUP(POLog[[#This Row],[Vendor ID]], VendorMaster[Vendor ID], VendorMaster[Standard Lead Time (Days)]) -> 8 | G22: =E22+F22 -> 46211 | I22: 99000 | J22: =IF(H22<>"",IF(H22<=G22,"Delivered - On Time","Delivered - Late"),IF(Vendor_Master!#REF!>G22,"Overdue","In Transit")) -> #REF! | K22: =IFERROR(IF(H22<>"",IF(H22>G22,N(H22)-N(G22),0),IF(N(Vendor_Master!$B$9)>N(G22),N(Vendor_Master!$B$9)-N(G22),0)),0) -> 0
A23: PO-4020 | B23: VEN-06 | C23: =_xlfn.XLOOKUP(POLog[[#This Row],[Vendor ID]],VendorMaster[Vendor ID],VendorMaster[Vendor Name]) -> Metro Office Supplies | D23: =_xlfn.XLOOKUP(POLog[[#This Row],[Vendor ID]], VendorMaster[Vendor ID], VendorMaster[Supply Category]) -> Office/Consumables | E23: 46207 | F23: =_xlfn.XLOOKUP(POLog[[#This Row],[Vendor ID]], VendorMaster[Vendor ID], VendorMaster[Standard Lead Time (Days)]) -> 3 | G23: =E23+F23 -> 46210 | H23: 46209 | I23: 8200 | J23: =IF(H23<>"",IF(H23<=G23,"Delivered - On Time","Delivered - Late"),IF(Vendor_Master!#REF!>G23,"Overdue","In Transit")) -> Delivered - On Time | K23: =IFERROR(IF(H23<>"",IF(H23>G23,N(H23)-N(G23),0),IF(N(Vendor_Master!$B$9)>N(G23),N(Vendor_Master!$B$9)-N(G23),0)),0) -> 0
A24: PO-4021 | B24: VEN-06 | C24: =_xlfn.XLOOKUP(POLog[[#This Row],[Vendor ID]],VendorMaster[Vendor ID],VendorMaster[Vendor Name]) -> Metro Office Supplies | D24: =_xlfn.XLOOKUP(POLog[[#This Row],[Vendor ID]], VendorMaster[Vendor ID], VendorMaster[Supply Category]) -> Office/Consumables | E24: 46209 | F24: =_xlfn.XLOOKUP(POLog[[#This Row],[Vendor ID]], VendorMaster[Vendor ID], VendorMaster[Standard Lead Time (Days)]) -> 3 | G24: =E24+F24 -> 46212 | H24: 46212 | I24: 9700 | J24: =IF(H24<>"",IF(H24<=G24,"Delivered - On Time","Delivered - Late"),IF(Vendor_Master!#REF!>G24,"Overdue","In Transit")) -> Delivered - On Time | K24: =IFERROR(IF(H24<>"",IF(H24>G24,N(H24)-N(G24),0),IF(N(Vendor_Master!$B$9)>N(G24),N(Vendor_Master!$B$9)-N(G24),0)),0) -> 0
A25: PO-4022 | B25: VEN-06 | C25: =_xlfn.XLOOKUP(POLog[[#This Row],[Vendor ID]],VendorMaster[Vendor ID],VendorMaster[Vendor Name]) -> Metro Office Supplies | D25: =_xlfn.XLOOKUP(POLog[[#This Row],[Vendor ID]], VendorMaster[Vendor ID], VendorMaster[Supply Category]) -> Office/Consumables | E25: 46211 | F25: =_xlfn.XLOOKUP(POLog[[#This Row],[Vendor ID]], VendorMaster[Vendor ID], VendorMaster[Standard Lead Time (Days)]) -> 3 | G25: =E25+F25 -> 46214 | H25: 46214 | I25: 6400 | J25: =IF(H25<>"",IF(H25<=G25,"Delivered - On Time","Delivered - Late"),IF(Vendor_Master!#REF!>G25,"Overdue","In Transit")) -> Delivered - On Time | K25: =IFERROR(IF(H25<>"",IF(H25>G25,N(H25)-N(G25),0),IF(N(Vendor_Master!$B$9)>N(G25),N(Vendor_Master!$B$9)-N(G25),0)),0) -> 0

Sheet Vendor_Performance
A1: Vendor Performance Dashboard
A3: Vendor ID | B3: Vendor Name | C3: Total POs | D3: Delivered | E3: On-Time Delivered | F3: On-Time Rate % | G3: Pending (Overdue + In Transit) | H3: Total Order Value (₹) | I3: Avg Delay (Days, late POs only)
A4: VEN-01 | B4: =_xlfn.XLOOKUP(VendorPerformance[[#This Row],[Vendor ID]], VendorMaster[Vendor ID], VendorMaster[Vendor Name]) -> Apex Components Pvt Ltd | C4: =COUNTIF(PO_Log!$B$4:$B$25,A4) -> 4 | D4: =COUNTIFS(PO_Log!$B$4:$B$25,A4,PO_Log!$J$4:$J$25,"Delivered - On Time")+COUNTIFS(PO_Log!$B$4:$B$25,A4,PO_Log!$J$4:$J$25,"Delivered - Late") -> 3 | E4: =COUNTIFS(PO_Log!$B$4:$B$25,A4,PO_Log!$J$4:$J$25,"Delivered - On Time") -> 2 | F4: =IF(D4=0,0,E4/D4) -> 0.66666667 | G4: =COUNTIFS(PO_Log!$B$4:$B$25,A4,PO_Log!$J$4:$J$25,"Overdue")+COUNTIFS(PO_Log!$B$4:$B$25,A4,PO_Log!$J$4:$J$25,"In Transit") -> 0 | H4: =SUMIF(PO_Log!$B$4:$B$25,A4,PO_Log!$I$4:$I$25) -> 276500 | I4: =IFERROR(AVERAGEIFS(PO_Log!$K$4:$K$25,PO_Log!$B$4:$B$25,A4,PO_Log!$J$4:$J$25,"Delivered - Late"),0) -> 3
A5: VEN-02 | B5: =_xlfn.XLOOKUP(VendorPerformance[[#This Row],[Vendor ID]], VendorMaster[Vendor ID], VendorMaster[Vendor Name]) -> Skyline Packaging Co | C5: =COUNTIF(PO_Log!$B$4:$B$25,A5) -> 4 | D5: =COUNTIFS(PO_Log!$B$4:$B$25,A5,PO_Log!$J$4:$J$25,"Delivered - On Time")+COUNTIFS(PO_Log!$B$4:$B$25,A5,PO_Log!$J$4:$J$25,"Delivered - Late") -> 3 | E5: =COUNTIFS(PO_Log!$B$4:$B$25,A5,PO_Log!$J$4:$J$25,"Delivered - On Time") -> 2 | F5: =IF(D5=0,0,E5/D5) -> 0.66666667 | G5: =COUNTIFS(PO_Log!$B$4:$B$25,A5,PO_Log!$J$4:$J$25,"Overdue")+COUNTIFS(PO_Log!$B$4:$B$25,A5,PO_Log!$J$4:$J$25,"In Transit") -> 0 | H5: =SUMIF(PO_Log!$B$4:$B$25,A5,PO_Log!$I$4:$I$25) -> 101800 | I5: =IFERROR(AVERAGEIFS(PO_Log!$K$4:$K$25,PO_Log!$B$4:$B$25,A5,PO_Log!$J$4:$J$25,"Delivered - Late"),0) -> 3
A6: VEN-03 | B6: =_xlfn.XLOOKUP(VendorPerformance[[#This Row],[Vendor ID]], VendorMaster[Vendor ID], VendorMaster[Vendor Name]) -> Bharat Steel Traders | C6: =COUNTIF(PO_Log!$B$4:$B$25,A6) -> 3 | D6: =COUNTIFS(PO_Log!$B$4:$B$25,A6,PO_Log!$J$4:$J$25,"Delivered - On Time")+COUNTIFS(PO_Log!$B$4:$B$25,A6,PO_Log!$J$4:$J$25,"Delivered - Late") -> 2 | E6: =COUNTIFS(PO_Log!$B$4:$B$25,A6,PO_Log!$J$4:$J$25,"Delivered - On Time") -> 1 | F6: =IF(D6=0,0,E6/D6) -> 0.5 | G6: =COUNTIFS(PO_Log!$B$4:$B$25,A6,PO_Log!$J$4:$J$25,"Overdue")+COUNTIFS(PO_Log!$B$4:$B$25,A6,PO_Log!$J$4:$J$25,"In Transit") -> 0 | H6: =SUMIF(PO_Log!$B$4:$B$25,A6,PO_Log!$I$4:$I$25) -> 388000 | I6: =IFERROR(AVERAGEIFS(PO_Log!$K$4:$K$25,PO_Log!$B$4:$B$25,A6,PO_Log!$J$4:$J$25,"Delivered - Late"),0) -> 4
A7: VEN-04 | B7: =_xlfn.XLOOKUP(VendorPerformance[[#This Row],[Vendor ID]], VendorMaster[Vendor ID], VendorMaster[Vendor Name]) -> Quickship Logistics Supplies | C7: =COUNTIF(PO_Log!$B$4:$B$25,A7) -> 4 | D7: =COUNTIFS(PO_Log!$B$4:$B$25,A7,PO_Log!$J$4:$J$25,"Delivered - On Time")+COUNTIFS(PO_Log!$B$4:$B$25,A7,PO_Log!$J$4:$J$25,"Delivered - Late") -> 3 | E7: =COUNTIFS(PO_Log!$B$4:$B$25,A7,PO_Log!$J$4:$J$25,"Delivered - On Time") -> 2 | F7: =IF(D7=0,0,E7/D7) -> 0.66666667 | G7: =COUNTIFS(PO_Log!$B$4:$B$25,A7,PO_Log!$J$4:$J$25,"Overdue")+COUNTIFS(PO_Log!$B$4:$B$25,A7,PO_Log!$J$4:$J$25,"In Transit") -> 0 | H7: =SUMIF(PO_Log!$B$4:$B$25,A7,PO_Log!$I$4:$I$25) -> 82800 | I7: =IFERROR(AVERAGEIFS(PO_Log!$K$4:$K$25,PO_Log!$B$4:$B$25,A7,PO_Log!$J$4:$J$25,"Delivered - Late"),0) -> 3
A8: VEN-05 | B8: =_xlfn.XLOOKUP(VendorPerformance[[#This Row],[Vendor ID]], VendorMaster[Vendor ID], VendorMaster[Vendor Name]) -> Prime Electronics Distributors | C8: =COUNTIF(PO_Log!$B$4:$B$25,A8) -> 4 | D8: =COUNTIFS(PO_Log!$B$4:$B$25,A8,PO_Log!$J$4:$J$25,"Delivered - On Time")+COUNTIFS(PO_Log!$B$4:$B$25,A8,PO_Log!$J$4:$J$25,"Delivered - Late") -> 2 | E8: =COUNTIFS(PO_Log!$B$4:$B$25,A8,PO_Log!$J$4:$J$25,"Delivered - On Time") -> 1 | F8: =IF(D8=0,0,E8/D8) -> 0.5 | G8: =COUNTIFS(PO_Log!$B$4:$B$25,A8,PO_Log!$J$4:$J$25,"Overdue")+COUNTIFS(PO_Log!$B$4:$B$25,A8,PO_Log!$J$4:$J$25,"In Transit") -> 0 | H8: =SUMIF(PO_Log!$B$4:$B$25,A8,PO_Log!$I$4:$I$25) -> 441500 | I8: =IFERROR(AVERAGEIFS(PO_Log!$K$4:$K$25,PO_Log!$B$4:$B$25,A8,PO_Log!$J$4:$J$25,"Delivered - Late"),0) -> 1
A9: VEN-06 | B9: =_xlfn.XLOOKUP(VendorPerformance[[#This Row],[Vendor ID]], VendorMaster[Vendor ID], VendorMaster[Vendor Name]) -> Metro Office Supplies | C9: =COUNTIF(PO_Log!$B$4:$B$25,A9) -> 3 | D9: =COUNTIFS(PO_Log!$B$4:$B$25,A9,PO_Log!$J$4:$J$25,"Delivered - On Time")+COUNTIFS(PO_Log!$B$4:$B$25,A9,PO_Log!$J$4:$J$25,"Delivered - Late") -> 3 | E9: =COUNTIFS(PO_Log!$B$4:$B$25,A9,PO_Log!$J$4:$J$25,"Delivered - On Time") -> 3 | F9: =IF(D9=0,0,E9/D9) -> 1 | G9: =COUNTIFS(PO_Log!$B$4:$B$25,A9,PO_Log!$J$4:$J$25,"Overdue")+COUNTIFS(PO_Log!$B$4:$B$25,A9,PO_Log!$J$4:$J$25,"In Transit") -> 0 | H9: =SUMIF(PO_Log!$B$4:$B$25,A9,PO_Log!$I$4:$I$25) -> 24300 | I9: =IFERROR(AVERAGEIFS(PO_Log!$K$4:$K$25,PO_Log!$B$4:$B$25,A9,PO_Log!$J$4:$J$25,"Delivered - Late"),0) -> 0
A12: Overall Snapshot
A13: Total POs Raised | C13: =SUM(C4:C9) -> 22
A14: Total Delivered | C14: =SUM(D4:D9) -> 16
A15: Overall On-Time Rate % | C15: =SUM(E4:E9)/SUM(D4:D9) -> 0.6875
A16: Total Overdue POs (action needed now) | C16: =COUNTIF(PO_Log!$J$4:$J$25,"Overdue") -> 0
A17: Total Order Value (₹) | C17: =SUM(H4:H9) -> 1314900
